,n,k,p,correct,answear,flag,time_bf,time_cc
0,3,2,0.0,False,False,True,0.05941915512084961,0.008186817169189453
1,3,2,0.1,False,False,True,0.006282806396484375,0.002669811248779297
2,3,2,0.2,False,False,True,0.002827882766723633,0.002701282501220703
3,3,2,0.3,False,False,True,0.0014843940734863281,0.002954721450805664
4,3,2,0.4,True,True,True,0.0015914440155029297,0.0008273124694824219
5,3,2,0.5,True,True,True,0.0033996105194091797,0.0007030963897705078
6,3,2,0.6,True,True,True,0.0034940242767333984,0.001191854476928711
7,3,2,0.7,True,True,True,0.0016589164733886719,0.0007829666137695312
8,3,2,0.8,True,True,True,0.0012848377227783203,0.001050710678100586
9,3,2,0.9,True,True,True,0.0010378360748291016,0.0006666183471679688
10,3,3,0.0,False,False,True,0.0016677379608154297,0.012852668762207031
11,3,3,0.1,False,False,True,0.0012133121490478516,0.00927424430847168
12,3,3,0.2,False,False,True,0.0011665821075439453,0.008317232131958008
13,3,3,0.3,False,False,True,0.001116037368774414,0.0075244903564453125
14,3,3,0.4,False,False,True,0.001007080078125,0.00966787338256836
15,3,3,0.5,False,False,True,0.0011773109436035156,0.009023666381835938
16,3,3,0.6,True,True,True,0.0011708736419677734,0.004169940948486328
17,3,3,0.7,True,True,True,0.0012216567993164062,0.0021631717681884766
18,3,3,0.8,True,True,True,0.0017063617706298828,0.003078460693359375
19,3,3,0.9,True,True,True,0.0010471343994140625,0.0009438991546630859
20,3,4,0.0,False,False,True,0.0006451606750488281,0.021207571029663086
21,3,4,0.1,False,False,True,0.000988006591796875,0.021849870681762695
22,3,4,0.2,False,False,True,0.0007836818695068359,0.022606611251831055
23,3,4,0.3,False,False,True,0.0008709430694580078,0.022923707962036133
24,3,4,0.4,False,False,True,0.0007119178771972656,0.03479599952697754
25,3,4,0.5,False,False,True,0.0007176399230957031,0.03512382507324219
26,3,4,0.6,False,False,True,0.0007278919219970703,0.041301727294921875
27,3,4,0.7,False,False,True,0.0006093978881835938,0.04149627685546875
28,3,4,0.8,False,False,True,0.0006690025329589844,0.041484832763671875
29,3,4,0.9,False,False,True,0.0006136894226074219,0.041391849517822266
30,3,5,0.0,False,False,True,0.00070953369140625,0.07167220115661621
31,3,5,0.1,False,False,True,0.0006089210510253906,0.06626677513122559
32,3,5,0.2,False,False,True,0.0005748271942138672,0.06786370277404785
33,3,5,0.3,False,False,True,0.0006046295166015625,0.07122063636779785
34,3,5,0.4,False,False,True,0.0005848407745361328,0.128373384475708
35,3,5,0.5,False,False,True,0.0007040500640869141,0.1269817352294922
36,3,5,0.6,False,False,True,0.0005922317504882812,0.15781950950622559
37,3,5,0.7,False,False,True,0.0005927085876464844,0.15707111358642578
38,3,5,0.8,False,False,True,0.0005288124084472656,0.16184234619140625
39,3,5,0.9,False,False,True,0.0006444454193115234,0.1606128215789795
40,3,6,0.0,False,False,True,0.0006911754608154297,0.21806907653808594
41,3,6,0.1,False,False,True,0.0005927085876464844,0.2155158519744873
42,3,6,0.2,False,False,True,0.000720977783203125,0.21844148635864258
43,3,6,0.3,False,False,True,0.0006468296051025391,0.2063310146331787
44,3,6,0.4,False,False,True,0.0005602836608886719,0.4489133358001709
45,3,6,0.5,False,False,True,0.0006954669952392578,0.44733500480651855
46,3,6,0.6,False,False,True,0.0019309520721435547,0.5729081630706787
47,3,6,0.7,False,False,True,0.0009014606475830078,0.6563644409179688
48,3,6,0.8,False,False,True,0.0006625652313232422,0.5602943897247314
49,3,6,0.9,False,False,True,0.0007746219635009766,0.5445811748504639
50,3,7,0.0,False,False,True,0.0006308555603027344,0.6492178440093994
51,3,7,0.1,False,False,True,0.000751495361328125,0.6346991062164307
52,3,7,0.2,False,False,True,0.0010836124420166016,0.6229033470153809
53,3,7,0.3,False,False,True,0.0007653236389160156,0.645585298538208
54,3,7,0.4,False,False,True,0.0007410049438476562,1.4645037651062012
55,3,7,0.5,False,False,True,0.0006926059722900391,1.4749231338500977
56,3,7,0.6,False,False,True,0.0013175010681152344,1.9396908283233643
57,3,7,0.7,False,False,True,0.0011751651763916016,1.9063611030578613
58,3,7,0.8,False,False,True,0.0010128021240234375,1.9565582275390625
59,3,7,0.9,False,False,True,0.0008375644683837891,1.9427297115325928
60,4,2,0.0,False,False,True,0.0020411014556884766,0.002714395523071289
61,4,2,0.1,False,False,True,0.0016558170318603516,0.002592802047729492
62,4,2,0.2,True,True,True,0.002855539321899414,0.0009152889251708984
63,4,2,0.3,True,True,True,0.0019567012786865234,0.003488779067993164
64,4,2,0.4,True,True,True,0.0016944408416748047,0.0011091232299804688
65,4,2,0.5,True,True,True,0.0017299652099609375,0.0005574226379394531
66,4,2,0.6,True,True,True,0.0021581649780273438,0.0009331703186035156
67,4,2,0.7,True,True,True,0.0014400482177734375,0.0007026195526123047
68,4,2,0.8,True,True,True,0.0019292831420898438,0.001209259033203125
69,4,2,0.9,True,True,True,0.0011439323425292969,0.0007030963897705078
70,4,3,0.0,False,False,True,0.0023653507232666016,0.012265920639038086
71,4,3,0.1,False,False,True,0.0021877288818359375,0.012287378311157227
72,4,3,0.2,False,False,True,0.003422260284423828,0.01575469970703125
73,4,3,0.3,False,False,True,0.002443552017211914,0.013887166976928711
74,4,3,0.4,True,True,True,0.0025436878204345703,0.00751495361328125
75,4,3,0.5,True,True,True,0.002376556396484375,0.0013883113861083984
76,4,3,0.6,True,True,True,0.0025587081909179688,0.005562543869018555
77,4,3,0.7,True,True,True,0.0018157958984375,0.0015642642974853516
78,4,3,0.8,True,True,True,0.0027561187744140625,0.0013170242309570312
79,4,3,0.9,True,True,True,0.0013933181762695312,0.0022499561309814453
80,4,4,0.0,False,False,True,0.000873565673828125,0.029836177825927734
81,4,4,0.1,False,False,True,0.0009775161743164062,0.028154850006103516
82,4,4,0.2,False,False,True,0.00146484375,0.04331707954406738
83,4,4,0.3,False,False,True,0.0012896060943603516,0.04337787628173828
84,4,4,0.4,False,False,True,0.0010530948638916016,0.04713630676269531
85,4,4,0.5,False,False,True,0.0011916160583496094,0.04729437828063965
86,4,4,0.6,True,True,True,0.0009534358978271484,0.006060123443603516
87,4,4,0.7,True,True,True,0.0008914470672607422,0.0012047290802001953
88,4,4,0.8,True,True,True,0.0018749237060546875,0.0033502578735351562
89,4,4,0.9,True,True,True,0.0011210441589355469,0.011137247085571289
90,4,5,0.0,False,False,True,0.0008113384246826172,0.08996748924255371
91,4,5,0.1,False,False,True,0.0006234645843505859,0.09298324584960938
92,4,5,0.2,False,False,True,0.0007069110870361328,0.1456303596496582
93,4,5,0.3,False,False,True,0.000659942626953125,0.14666152000427246
94,4,5,0.4,False,False,True,0.0012557506561279297,0.17638754844665527
95,4,5,0.5,False,False,True,0.0005869865417480469,0.17750024795532227
96,4,5,0.6,False,False,True,0.0007982254028320312,0.2048811912536621
97,4,5,0.7,False,False,True,0.0006182193756103516,0.2103726863861084
98,4,5,0.8,False,False,True,0.000720977783203125,0.20713257789611816
99,4,5,0.9,False,False,True,0.0006330013275146484,0.2091817855834961
100,4,6,0.0,False,False,True,0.0007457733154296875,0.27911925315856934
101,4,6,0.1,False,False,True,0.0008304119110107422,0.2760496139526367
102,4,6,0.2,False,False,True,0.0010082721710205078,0.500018835067749
103,4,6,0.3,False,False,True,0.0006990432739257812,0.4932096004486084
104,4,6,0.4,False,False,True,0.0008077621459960938,0.607396125793457
105,4,6,0.5,False,False,True,0.0006551742553710938,0.6157708168029785
106,4,6,0.6,False,False,True,0.0006926059722900391,0.7271759510040283
107,4,6,0.7,False,False,True,0.0007290840148925781,0.7612209320068359
108,4,6,0.8,False,False,True,0.0007064342498779297,0.7320988178253174
109,4,6,0.9,False,False,True,0.0006465911865234375,0.7540621757507324
110,4,7,0.0,False,False,True,0.0006940364837646484,0.8359756469726562
111,4,7,0.1,False,False,True,0.0007734298706054688,0.8450033664703369
112,4,7,0.2,False,False,True,0.0010073184967041016,1.7381820678710938
113,4,7,0.3,False,False,True,0.0008971691131591797,1.7575266361236572
114,4,7,0.4,False,False,True,0.0008032321929931641,2.127824306488037
115,4,7,0.5,False,False,True,0.0007340908050537109,2.0994558334350586
116,4,7,0.6,False,False,True,0.0009076595306396484,2.5829038619995117
117,4,7,0.7,False,False,True,0.0005972385406494141,2.5992519855499268
118,4,7,0.8,False,False,True,0.0006630420684814453,2.578601121902466
119,4,7,0.9,False,False,True,0.0007202625274658203,2.6703953742980957
120,5,2,0.0,False,False,True,0.0026412010192871094,0.0031006336212158203
121,5,2,0.1,False,False,True,0.003126382827758789,0.0031609535217285156
122,5,2,0.2,True,True,True,0.002181529998779297,0.0007781982421875
123,5,2,0.3,True,True,True,0.0027680397033691406,0.0008230209350585938
124,5,2,0.4,True,True,True,0.0022203922271728516,0.0007026195526123047
125,5,2,0.5,True,True,True,0.001813650131225586,0.001081705093383789
126,5,2,0.6,True,True,True,0.0014171600341796875,0.0007674694061279297
127,5,2,0.7,True,True,True,0.0010128021240234375,0.0011074542999267578
128,5,2,0.8,True,True,True,0.0015048980712890625,0.0006368160247802734
129,5,2,0.9,True,True,True,0.0012729167938232422,0.0006096363067626953
130,5,3,0.0,False,False,True,0.002699136734008789,0.010246515274047852
131,5,3,0.1,False,False,True,0.00252532958984375,0.011346101760864258
132,5,3,0.2,False,False,True,0.0036258697509765625,0.01417088508605957
133,5,3,0.3,False,False,True,0.0029091835021972656,0.013330698013305664
134,5,3,0.4,True,True,True,0.002168416976928711,0.0018093585968017578
135,5,3,0.5,True,True,True,0.0026705265045166016,0.002238750457763672
136,5,3,0.6,True,True,True,0.00152587890625,0.001239776611328125
137,5,3,0.7,True,True,True,0.001191854476928711,0.0009126663208007812
138,5,3,0.8,True,True,True,0.0010781288146972656,0.0032958984375
139,5,3,0.9,True,True,True,0.0013074874877929688,0.0011615753173828125
140,5,4,0.0,False,False,True,0.0017998218536376953,0.037876129150390625
141,5,4,0.1,False,False,True,0.0016336441040039062,0.036391496658325195
142,5,4,0.2,False,False,True,0.002801656723022461,0.04725027084350586
143,5,4,0.3,False,False,True,0.002654552459716797,0.04618501663208008
144,5,4,0.4,True,True,True,0.002301454544067383,0.011994600296020508
145,5,4,0.5,True,True,True,0.0017130374908447266,0.005564689636230469
146,5,4,0.6,True,True,True,0.0018184185028076172,0.004589557647705078
147,5,4,0.7,True,True,True,0.0010886192321777344,0.0038526058197021484
148,5,4,0.8,True,True,True,0.0013704299926757812,0.0010759830474853516
149,5,4,0.9,True,True,True,0.0015037059783935547,0.001131296157836914
150,5,5,0.0,False,False,True,0.0010485649108886719,0.10911893844604492
151,5,5,0.1,False,False,True,0.0011992454528808594,0.11546659469604492
152,5,5,0.2,False,False,True,0.0018317699432373047,0.16890335083007812
153,5,5,0.3,False,False,True,0.001088857650756836,0.1634516716003418
154,5,5,0.4,False,False,True,0.002979278564453125,0.25221824645996094
155,5,5,0.5,False,False,True,0.0029430389404296875,0.25518369674682617
156,5,5,0.6,True,True,True,0.002353668212890625,0.007098674774169922
157,5,5,0.7,True,True,True,0.0012860298156738281,0.006044626235961914
158,5,5,0.8,True,True,True,0.000990152359008789,0.02646660804748535
159,5,5,0.9,True,True,True,0.001287698745727539,0.029995203018188477
160,5,6,0.0,False,False,True,0.0008776187896728516,0.34844088554382324
161,5,6,0.1,False,False,True,0.0006000995635986328,0.3334660530090332
162,5,6,0.2,False,False,True,0.0008065700531005859,0.562262773513794
163,5,6,0.3,False,False,True,0.0006499290466308594,0.5662388801574707
164,5,6,0.4,False,False,True,0.0007002353668212891,0.9086265563964844
165,5,6,0.5,False,False,True,0.0007202625274658203,0.9265344142913818
166,5,6,0.6,False,False,True,0.001096963882446289,0.9410202503204346
167,5,6,0.7,False,False,True,0.0006771087646484375,0.9886434078216553
168,5,6,0.8,False,False,True,0.0006685256958007812,0.937279462814331
169,5,6,0.9,False,False,True,0.0007879734039306641,0.9966220855712891
170,5,7,0.0,False,False,True,0.0006892681121826172,1.113372802734375
171,5,7,0.1,False,False,True,0.0008563995361328125,1.1094815731048584
172,5,7,0.2,False,False,True,0.0007085800170898438,1.9307105541229248
173,5,7,0.3,False,False,True,0.0007944107055664062,2.0706517696380615
174,5,7,0.4,False,False,True,0.001004934310913086,3.5333642959594727
175,5,7,0.5,False,False,True,0.0006113052368164062,3.647768020629883
176,5,7,0.6,False,False,True,0.0007517337799072266,3.4887819290161133
177,5,7,0.7,False,False,True,0.0011227130889892578,3.4097936153411865
178,5,7,0.8,False,False,True,0.0006563663482666016,3.460406541824341
179,5,7,0.9,False,False,True,0.0007255077362060547,3.446286201477051
180,6,2,0.0,False,False,True,0.0030477046966552734,0.0038213729858398438
181,6,2,0.1,False,False,True,0.0032498836517333984,0.0037162303924560547
182,6,2,0.2,True,True,True,0.0023488998413085938,0.0007152557373046875
183,6,2,0.3,True,True,True,0.0018541812896728516,0.0006749629974365234
184,6,2,0.4,True,True,True,0.0017857551574707031,0.0007128715515136719
185,6,2,0.5,True,True,True,0.001978635787963867,0.0007846355438232422
186,6,2,0.6,True,True,True,0.0016515254974365234,0.0007028579711914062
187,6,2,0.7,True,True,True,0.0017879009246826172,0.0010139942169189453
188,6,2,0.8,True,True,True,0.0012912750244140625,0.0008065700531005859
189,6,2,0.9,True,True,True,0.0012149810791015625,0.0007491111755371094
190,6,3,0.0,False,False,True,0.005124092102050781,0.015833377838134766
191,6,3,0.1,False,False,True,0.0039899349212646484,0.011991262435913086
192,6,3,0.2,True,True,True,0.002454519271850586,0.0009791851043701172
193,6,3,0.3,True,True,True,0.0019850730895996094,0.003281831741333008
194,6,3,0.4,True,True,True,0.0010828971862792969,0.00069427490234375
195,6,3,0.5,True,True,True,0.0015501976013183594,0.0027208328247070312
196,6,3,0.6,True,True,True,0.0018546581268310547,0.0017783641815185547
197,6,3,0.7,True,True,True,0.0012810230255126953,0.00167083740234375
198,6,3,0.8,True,True,True,0.00133514404296875,0.0010094642639160156
199,6,3,0.9,True,True,True,0.0015442371368408203,0.001447916030883789
200,6,4,0.0,False,False,True,0.004068136215209961,0.047434329986572266
201,6,4,0.1,False,False,True,0.0036203861236572266,0.04813051223754883
202,6,4,0.2,False,False,True,0.00430750846862793,0.062268733978271484
203,6,4,0.3,False,False,True,0.008119583129882812,0.0890192985534668
204,6,4,0.4,True,True,True,0.004575490951538086,0.01933145523071289
205,6,4,0.5,True,True,True,0.0026535987854003906,0.019660472869873047
206,6,4,0.6,True,True,True,0.0013170242309570312,0.001146554946899414
207,6,4,0.7,True,True,True,0.0012238025665283203,0.0030121803283691406
208,6,4,0.8,True,True,True,0.0016055107116699219,0.00543522834777832
209,6,4,0.9,True,True,True,0.0012218952178955078,0.006805896759033203
210,6,5,0.0,False,False,True,0.0029561519622802734,0.16287827491760254
211,6,5,0.1,False,False,True,0.0017266273498535156,0.14630889892578125
212,6,5,0.2,False,False,True,0.0021393299102783203,0.21992993354797363
213,6,5,0.3,False,False,True,0.003504514694213867,0.24798583984375
214,6,5,0.4,True,True,True,0.0012350082397460938,0.016759634017944336
215,6,5,0.5,True,True,True,0.0017061233520507812,0.00767207145690918
216,6,5,0.6,True,True,True,0.001537322998046875,0.001173257827758789
217,6,5,0.7,True,True,True,0.0019345283508300781,0.010292530059814453
218,6,5,0.8,True,True,True,0.0013098716735839844,0.0018966197967529297
219,6,5,0.9,True,True,True,0.0010974407196044922,0.011260986328125
220,6,6,0.0,False,False,True,0.0009829998016357422,0.44978833198547363
221,6,6,0.1,False,False,True,0.0013730525970458984,0.4250833988189697
222,6,6,0.2,False,False,True,0.0010051727294921875,0.7569437026977539
223,6,6,0.3,False,False,True,0.0008108615875244141,0.8718736171722412
224,6,6,0.4,True,True,True,0.0010449886322021484,0.23632025718688965
225,6,6,0.5,True,True,True,0.0009214878082275391,0.025601863861083984
226,6,6,0.6,True,True,True,0.00119781494140625,0.04944562911987305
227,6,6,0.7,True,True,True,0.0008938312530517578,0.05112290382385254
228,6,6,0.8,True,True,True,0.0009579658508300781,0.05216550827026367
229,6,6,0.9,True,True,True,0.0009207725524902344,0.0913999080657959
230,6,7,0.0,False,False,True,0.0007240772247314453,1.2956831455230713
231,6,7,0.1,False,False,True,0.0011799335479736328,1.394359827041626
232,6,7,0.2,False,False,True,0.0006928443908691406,2.6183323860168457
233,6,7,0.3,False,False,True,0.0005857944488525391,3.312101125717163
234,6,7,0.4,False,False,True,0.0007278919219970703,4.044530630111694
235,6,7,0.5,False,False,True,0.0007371902465820312,4.121232032775879
236,6,7,0.6,False,False,True,0.0007231235504150391,4.208719253540039
237,6,7,0.7,False,False,True,0.0006456375122070312,4.03539252281189
238,6,7,0.8,False,False,True,0.0007376670837402344,4.203606605529785
239,6,7,0.9,False,False,True,0.0007073879241943359,4.4780542850494385
240,7,2,0.0,False,False,True,0.004007816314697266,0.004652976989746094
241,7,2,0.1,True,True,True,0.004277944564819336,0.001314401626586914
242,7,2,0.2,True,True,True,0.003480195999145508,0.0009627342224121094
243,7,2,0.3,True,True,True,0.002079486846923828,0.0009984970092773438
244,7,2,0.4,True,True,True,0.002536296844482422,0.0007891654968261719
245,7,2,0.5,True,True,True,0.002008676528930664,0.0008413791656494141
246,7,2,0.6,True,True,True,0.0027315616607666016,0.0007469654083251953
247,7,2,0.7,True,True,True,0.0012822151184082031,0.0008749961853027344
248,7,2,0.8,True,True,True,0.000986337661743164,0.0007281303405761719
249,7,2,0.9,True,True,True,0.0016264915466308594,0.001195669174194336
250,7,3,0.0,False,False,True,0.0084686279296875,0.017056941986083984
251,7,3,0.1,False,False,True,0.0073468685150146484,0.018047094345092773
252,7,3,0.2,True,True,True,0.007116079330444336,0.011359691619873047
253,7,3,0.3,True,True,True,0.0067291259765625,0.0019903182983398438
254,7,3,0.4,True,True,True,0.001886129379272461,0.000762939453125
255,7,3,0.5,True,True,True,0.002146005630493164,0.0009784698486328125
256,7,3,0.6,True,True,True,0.0013432502746582031,0.0010149478912353516
257,7,3,0.7,True,True,True,0.001766204833984375,0.0010540485382080078
258,7,3,0.8,True,True,True,0.0011153221130371094,0.0010838508605957031
259,7,3,0.9,True,True,True,0.0013358592987060547,0.0024139881134033203
260,7,4,0.0,False,False,True,0.007284641265869141,0.052728891372680664
261,7,4,0.1,False,False,True,0.008214473724365234,0.06171441078186035
262,7,4,0.2,False,False,True,0.009054183959960938,0.08170819282531738
263,7,4,0.3,False,False,True,0.011008024215698242,0.08329963684082031
264,7,4,0.4,True,True,True,0.0016679763793945312,0.001130819320678711
265,7,4,0.5,True,True,True,0.0016200542449951172,0.006903409957885742
266,7,4,0.6,True,True,True,0.0011811256408691406,0.001512765884399414
267,7,4,0.7,True,True,True,0.001768350601196289,0.0015974044799804688
268,7,4,0.8,True,True,True,0.001386404037475586,0.001619577407836914
269,7,4,0.9,True,True,True,0.0013759136199951172,0.004494905471801758
270,7,5,0.0,False,False,True,0.005030393600463867,0.15540218353271484
271,7,5,0.1,False,False,True,0.005408525466918945,0.21889591217041016
272,7,5,0.2,False,False,True,0.006196022033691406,0.30539798736572266
273,7,5,0.3,False,False,True,0.007884502410888672,0.30281758308410645
274,7,5,0.4,True,True,True,0.0017714500427246094,0.0014598369598388672
275,7,5,0.5,True,True,True,0.001901865005493164,0.005054473876953125
276,7,5,0.6,True,True,True,0.0018396377563476562,0.02280449867248535
277,7,5,0.7,True,True,True,0.0018916130065917969,0.030765533447265625
278,7,5,0.8,True,True,True,0.0013535022735595703,0.03814530372619629
279,7,5,0.9,True,True,True,0.0014088153839111328,0.009263992309570312
280,7,6,0.0,False,False,True,0.002035379409790039,0.5866711139678955
281,7,6,0.1,False,False,True,0.003739595413208008,0.8088066577911377
282,7,6,0.2,False,False,True,0.0027561187744140625,1.2333028316497803
283,7,6,0.3,False,False,True,0.0024297237396240234,1.1388263702392578
284,7,6,0.4,True,True,True,0.029356956481933594,0.2969510555267334
285,7,6,0.5,True,True,True,0.023159027099609375,0.06451702117919922
286,7,6,0.6,True,True,True,0.005883455276489258,0.056475162506103516
287,7,6,0.7,True,True,True,0.0017244815826416016,0.00865793228149414
288,7,6,0.8,True,True,True,0.0011701583862304688,0.06053352355957031
289,7,6,0.9,True,True,True,0.0013914108276367188,0.029267072677612305
290,7,7,0.0,False,False,True,0.0012519359588623047,1.5959579944610596
291,7,7,0.1,False,False,True,0.0011930465698242188,2.741572380065918
292,7,7,0.2,False,False,True,0.0010988712310791016,4.022373914718628
293,7,7,0.3,False,False,True,0.00121307373046875,3.779658555984497
294,7,7,0.4,False,False,True,0.07491111755371094,4.674071788787842
295,7,7,0.5,False,False,True,0.07554435729980469,5.026314735412598
296,7,7,0.6,False,False,True,0.09498929977416992,5.173395872116089
297,7,7,0.7,True,True,True,0.0021080970764160156,1.0106256008148193
298,7,7,0.8,True,True,True,0.0013356208801269531,1.4118125438690186
299,7,7,0.9,True,True,True,0.0013020038604736328,0.5209252834320068
300,8,2,0.0,False,False,True,0.005293130874633789,0.0045392513275146484
301,8,2,0.1,True,True,True,0.0038754940032958984,0.0007042884826660156
302,8,2,0.2,True,True,True,0.0017192363739013672,0.0009658336639404297
303,8,2,0.3,True,True,True,0.0018398761749267578,0.0005424022674560547
304,8,2,0.4,True,True,True,0.0014543533325195312,0.0006241798400878906
305,8,2,0.5,True,True,True,0.0017056465148925781,0.0008192062377929688
306,8,2,0.6,True,True,True,0.001980304718017578,0.0007853507995605469
307,8,2,0.7,True,True,True,0.001089334487915039,0.0006682872772216797
308,8,2,0.8,True,True,True,0.0010380744934082031,0.0007278919219970703
309,8,2,0.9,True,True,True,0.0014433860778808594,0.0006277561187744141
310,8,3,0.0,False,False,True,0.00961923599243164,0.01757073402404785
311,8,3,0.1,False,False,True,0.01325535774230957,0.024901866912841797
312,8,3,0.2,True,True,True,0.011329174041748047,0.0026175975799560547
313,8,3,0.3,True,True,True,0.010755062103271484,0.004156589508056641
314,8,3,0.4,True,True,True,0.0050084590911865234,0.0007517337799072266
315,8,3,0.5,True,True,True,0.005301475524902344,0.0008020401000976562
316,8,3,0.6,True,True,True,0.0016908645629882812,0.0010712146759033203
317,8,3,0.7,True,True,True,0.0020110607147216797,0.001832723617553711
318,8,3,0.8,True,True,True,0.0010266304016113281,0.0011820793151855469
319,8,3,0.9,True,True,True,0.0015671253204345703,0.0009217262268066406
320,8,4,0.0,False,False,True,0.015621662139892578,0.06433248519897461
321,8,4,0.1,False,False,True,0.016397476196289062,0.07961797714233398
322,8,4,0.2,False,False,True,0.016933917999267578,0.09945321083068848
323,8,4,0.3,False,False,True,0.021724939346313477,0.11242532730102539
324,8,4,0.4,True,True,True,0.00796055793762207,0.0019521713256835938
325,8,4,0.5,True,True,True,0.00420689582824707,0.0015077590942382812
326,8,4,0.6,True,True,True,0.0014424324035644531,0.0014493465423583984
327,8,4,0.7,True,True,True,0.001873016357421875,0.0011606216430664062
328,8,4,0.8,True,True,True,0.0011794567108154297,0.003803730010986328
329,8,4,0.9,True,True,True,0.0013194084167480469,0.0024166107177734375
330,8,5,0.0,False,False,True,0.013463258743286133,0.20316147804260254
331,8,5,0.1,False,False,True,0.016168594360351562,0.27186036109924316
332,8,5,0.2,False,False,True,0.013335227966308594,0.3691437244415283
333,8,5,0.3,False,False,True,0.015733003616333008,0.40720319747924805
334,8,5,0.4,True,True,True,0.02744889259338379,0.01127004623413086
335,8,5,0.5,True,True,True,0.002519369125366211,0.003895998001098633
336,8,5,0.6,True,True,True,0.001928091049194336,0.0052831172943115234
337,8,5,0.7,True,True,True,0.0015194416046142578,0.006605386734008789
338,8,5,0.8,True,True,True,0.001834869384765625,0.015083789825439453
339,8,5,0.9,True,True,True,0.00115966796875,0.0024051666259765625
340,8,6,0.0,False,False,True,0.006588935852050781,0.6592774391174316
341,8,6,0.1,False,False,True,0.006558895111083984,0.8300125598907471
342,8,6,0.2,False,False,True,0.00707554817199707,1.1231813430786133
343,8,6,0.3,False,False,True,0.007805824279785156,1.3418984413146973
344,8,6,0.4,True,True,True,0.1586589813232422,0.013502359390258789
345,8,6,0.5,True,True,True,0.03647327423095703,0.009223461151123047
346,8,6,0.6,True,True,True,0.0034062862396240234,0.04293370246887207
347,8,6,0.7,True,True,True,0.0031900405883789062,0.02191472053527832
348,8,6,0.8,True,True,True,0.0014927387237548828,0.01873159408569336
349,8,6,0.9,True,True,True,0.0014722347259521484,0.09360694885253906
350,8,7,0.0,False,False,True,0.003039121627807617,1.6976642608642578
351,8,7,0.1,False,False,True,0.0026640892028808594,2.7157764434814453
352,8,7,0.2,False,False,True,0.003499269485473633,4.161487817764282
353,8,7,0.3,False,False,True,0.0029726028442382812,5.0561065673828125
354,8,7,0.4,False,False,True,0.5994112491607666,5.8402099609375
355,8,7,0.5,False,False,True,0.5980401039123535,5.381779193878174
356,8,7,0.6,True,True,True,0.015261173248291016,0.24444222450256348
357,8,7,0.7,True,True,True,0.0013127326965332031,0.06887507438659668
358,8,7,0.8,True,True,True,0.0013308525085449219,0.8470022678375244
359,8,7,0.9,True,True,True,0.0010864734649658203,0.08825492858886719
360,9,2,0.0,False,False,True,0.00650477409362793,0.0051538944244384766
361,9,2,0.1,True,True,True,0.0037970542907714844,0.0009057521820068359
362,9,2,0.2,True,True,True,0.0023469924926757812,0.0006501674652099609
363,9,2,0.3,True,True,True,0.0016355514526367188,0.0006108283996582031
364,9,2,0.4,True,True,True,0.0017266273498535156,0.0006210803985595703
365,9,2,0.5,True,True,True,0.0016109943389892578,0.0006644725799560547
366,9,2,0.6,True,True,True,0.001355886459350586,0.0008721351623535156
367,9,2,0.7,True,True,True,0.0013914108276367188,0.0009655952453613281
368,9,2,0.8,True,True,True,0.001344442367553711,0.0006961822509765625
369,9,2,0.9,True,True,True,0.0012116432189941406,0.0006978511810302734
370,9,3,0.0,False,False,True,0.013933658599853516,0.020131587982177734
371,9,3,0.1,False,False,True,0.015018939971923828,0.023276329040527344
372,9,3,0.2,True,True,True,0.0025107860565185547,0.0008921623229980469
373,9,3,0.3,True,True,True,0.0018305778503417969,0.0007073879241943359
374,9,3,0.4,True,True,True,0.0013256072998046875,0.0009799003601074219
375,9,3,0.5,True,True,True,0.0012462139129638672,0.0008308887481689453
376,9,3,0.6,True,True,True,0.0012106895446777344,0.002700328826904297
377,9,3,0.7,True,True,True,0.0009949207305908203,0.002094268798828125
378,9,3,0.8,True,True,True,0.0016312599182128906,0.0016362667083740234
379,9,3,0.9,True,True,True,0.0011248588562011719,0.001321554183959961
380,9,4,0.0,False,False,True,0.02081441879272461,0.06261229515075684
381,9,4,0.1,False,False,True,0.024625539779663086,0.08637666702270508
382,9,4,0.2,False,False,True,0.029143333435058594,0.11302351951599121
383,9,4,0.3,True,True,True,0.0055539608001708984,0.010112762451171875
384,9,4,0.4,True,True,True,0.003448009490966797,0.0008704662322998047
385,9,4,0.5,True,True,True,0.0040400028228759766,0.00405573844909668
386,9,4,0.6,True,True,True,0.0011172294616699219,0.0012125968933105469
387,9,4,0.7,True,True,True,0.0017743110656738281,0.002496480941772461
388,9,4,0.8,True,True,True,0.0014145374298095703,0.004769086837768555
389,9,4,0.9,True,True,True,0.0016701221466064453,0.004972934722900391
390,9,5,0.0,False,False,True,0.023833751678466797,0.23014521598815918
391,9,5,0.1,False,False,True,0.02925872802734375,0.3797609806060791
392,9,5,0.2,False,False,True,0.0324094295501709,0.48098254203796387
393,9,5,0.3,True,True,True,0.004027843475341797,0.06125497817993164
394,9,5,0.4,True,True,True,0.0016930103302001953,0.008800506591796875
395,9,5,0.5,True,True,True,0.0013246536254882812,0.006634950637817383
396,9,5,0.6,True,True,True,0.002576112747192383,0.012489080429077148
397,9,5,0.7,True,True,True,0.001741170883178711,0.014699697494506836
398,9,5,0.8,True,True,True,0.002315044403076172,0.009982109069824219
399,9,5,0.9,True,True,True,0.0010867118835449219,0.002661466598510742
400,9,6,0.0,False,False,True,0.017391204833984375,0.7162928581237793
401,9,6,0.1,False,False,True,0.02302265167236328,1.1128098964691162
402,9,6,0.2,False,False,True,0.019905805587768555,1.4104490280151367
403,9,6,0.3,True,True,True,0.00569462776184082,0.027393341064453125
404,9,6,0.4,True,True,True,0.07464385032653809,0.0023603439331054688
405,9,6,0.5,True,True,True,0.006048440933227539,0.022908926010131836
406,9,6,0.6,True,True,True,0.001873016357421875,0.022681236267089844
407,9,6,0.7,True,True,True,0.0018227100372314453,0.0073015689849853516
408,9,6,0.8,True,True,True,0.0019812583923339844,0.04053020477294922
409,9,6,0.9,True,True,True,0.0011827945709228516,0.006018400192260742
410,9,7,0.0,False,False,True,0.009440422058105469,2.000751256942749
411,9,7,0.1,False,False,True,0.009124755859375,3.9332082271575928
412,9,7,0.2,False,False,True,0.010407686233520508,4.717107534408569
413,9,7,0.3,False,False,True,0.4163053035736084,5.350937128067017
414,9,7,0.4,True,True,True,0.6882777214050293,0.14665460586547852
415,9,7,0.5,True,True,True,0.1843862533569336,0.10067629814147949
416,9,7,0.6,True,True,True,0.09916877746582031,0.006108760833740234
417,9,7,0.7,True,True,True,0.0014507770538330078,0.26157355308532715
418,9,7,0.8,True,True,True,0.0018188953399658203,0.0498960018157959
419,9,7,0.9,True,True,True,0.0016965866088867188,0.5543162822723389
420,10,2,0.0,False,False,True,0.008174419403076172,0.0061931610107421875
421,10,2,0.1,True,True,True,0.0037620067596435547,0.0008115768432617188
422,10,2,0.2,True,True,True,0.0024881362915039062,0.001293182373046875
423,10,2,0.3,True,True,True,0.002096414566040039,0.0008184909820556641
424,10,2,0.4,True,True,True,0.0021317005157470703,0.0011055469512939453
425,10,2,0.5,True,True,True,0.0015239715576171875,0.0006563663482666016
426,10,2,0.6,True,True,True,0.0025289058685302734,0.0006577968597412109
427,10,2,0.7,True,True,True,0.0018320083618164062,0.0009248256683349609
428,10,2,0.8,True,True,True,0.0018870830535888672,0.0008366107940673828
429,10,2,0.9,True,True,True,0.0015735626220703125,0.0012149810791015625
430,10,3,0.0,False,False,True,0.021170854568481445,0.02213907241821289
431,10,3,0.1,True,False,False,0.0281984806060791,0.028458356857299805
432,10,3,0.2,True,True,True,0.010191202163696289,0.0026154518127441406
433,10,3,0.3,True,True,True,0.01628279685974121,0.002892017364501953
434,10,3,0.4,True,True,True,0.004975557327270508,0.0013484954833984375
435,10,3,0.5,True,True,True,0.004374504089355469,0.0034456253051757812
436,10,3,0.6,True,True,True,0.002275705337524414,0.0018754005432128906
437,10,3,0.7,True,True,True,0.0050792694091796875,0.0015599727630615234
438,10,3,0.8,True,True,True,0.002554655075073242,0.0014033317565917969
439,10,3,0.9,True,True,True,0.0017900466918945312,0.0024688243865966797
440,10,4,0.0,False,False,True,0.039324045181274414,0.0761709213256836
441,10,4,0.1,False,False,True,0.05060148239135742,0.10528707504272461
442,10,4,0.2,True,True,True,0.016457796096801758,0.0015354156494140625
443,10,4,0.3,True,True,True,0.019336462020874023,0.006185293197631836
444,10,4,0.4,True,True,True,0.002001047134399414,0.0018498897552490234
445,10,4,0.5,True,True,True,0.0021445751190185547,0.0014309883117675781
446,10,4,0.6,True,True,True,0.0013308525085449219,0.0021698474884033203
447,10,4,0.7,True,True,True,0.0015821456909179688,0.002718210220336914
448,10,4,0.8,True,True,True,0.0016684532165527344,0.002572298049926758
449,10,4,0.9,True,True,True,0.0011322498321533203,0.004363298416137695
450,10,5,0.0,False,False,True,0.05271768569946289,0.261401891708374
451,10,5,0.1,False,False,True,0.05230116844177246,0.3748433589935303
452,10,5,0.2,False,False,True,0.07646560668945312,0.5202817916870117
453,10,5,0.3,True,True,True,0.06389570236206055,0.20744776725769043
454,10,5,0.4,True,True,True,0.0041081905364990234,0.018192291259765625
455,10,5,0.5,True,True,True,0.003896474838256836,0.0019865036010742188
456,10,5,0.6,True,True,True,0.0017812252044677734,0.002087831497192383
457,10,5,0.7,True,True,True,0.001220703125,0.015668869018554688
458,10,5,0.8,True,True,True,0.0017712116241455078,0.013127565383911133
459,10,5,0.9,True,True,True,0.0013327598571777344,0.007706642150878906
460,10,6,0.0,False,False,True,0.04323863983154297,0.862821102142334
461,10,6,0.1,False,False,True,0.05384540557861328,1.407104730606079
462,10,6,0.2,False,False,True,0.05298185348510742,1.6634764671325684
463,10,6,0.3,True,True,True,0.08660197257995605,0.4173417091369629
464,10,6,0.4,True,True,True,0.018175840377807617,0.012402772903442383
465,10,6,0.5,True,True,True,0.014074087142944336,0.004738330841064453
466,10,6,0.6,True,True,True,0.0028998851776123047,0.032928466796875
467,10,6,0.7,True,True,True,0.0014216899871826172,0.011047840118408203
468,10,6,0.8,True,True,True,0.0015423297882080078,0.011306524276733398
469,10,6,0.9,True,True,True,0.0013427734375,0.026129961013793945
470,10,7,0.0,False,False,True,0.024420976638793945,2.225834608078003
471,10,7,0.1,False,False,True,0.028081655502319336,4.364203691482544
472,10,7,0.2,False,False,True,0.03179025650024414,5.109448194503784
473,10,7,0.3,False,False,True,0.2618746757507324,6.369007110595703
474,10,7,0.4,True,True,True,0.5630447864532471,0.1364593505859375
475,10,7,0.5,True,True,True,0.3510870933532715,0.14074468612670898
476,10,7,0.6,True,True,True,0.0052947998046875,0.056743621826171875
477,10,7,0.7,True,True,True,0.0013175010681152344,0.020371198654174805
478,10,7,0.8,True,True,True,0.0011398792266845703,0.09205937385559082
479,10,7,0.9,True,True,True,0.001264810562133789,0.03552746772766113
480,11,2,0.0,False,False,True,0.009397506713867188,0.0061490535736083984
481,11,2,0.1,True,True,True,0.003886699676513672,0.0011339187622070312
482,11,2,0.2,True,True,True,0.002261638641357422,0.0006747245788574219
483,11,2,0.3,True,True,True,0.0019605159759521484,0.0010960102081298828
484,11,2,0.4,True,True,True,0.0017843246459960938,0.0008268356323242188
485,11,2,0.5,True,True,True,0.0017681121826171875,0.0011250972747802734
486,11,2,0.6,True,True,True,0.0012619495391845703,0.0006411075592041016
487,11,2,0.7,True,True,True,0.0013418197631835938,0.0006449222564697266
488,11,2,0.8,True,True,True,0.00118255615234375,0.0008876323699951172
489,11,2,0.9,True,True,True,0.0010619163513183594,0.0008447170257568359
490,11,3,0.0,False,False,True,0.026379823684692383,0.02097773551940918
491,11,3,0.1,True,True,True,0.024832487106323242,0.0012531280517578125
492,11,3,0.2,True,True,True,0.011857032775878906,0.004564046859741211
493,11,3,0.3,True,True,True,0.006278038024902344,0.0014357566833496094
494,11,3,0.4,True,True,True,0.0017018318176269531,0.0010943412780761719
495,11,3,0.5,True,True,True,0.001651763916015625,0.0012001991271972656
496,11,3,0.6,True,True,True,0.0022106170654296875,0.0012786388397216797
497,11,3,0.7,True,True,True,0.0012569427490234375,0.0008473396301269531
498,11,3,0.8,True,True,True,0.0011181831359863281,0.0008225440979003906
499,11,3,0.9,True,True,True,0.0015239715576171875,0.0010144710540771484
500,11,4,0.0,False,False,True,0.0528254508972168,0.07790637016296387
501,11,4,0.1,False,False,True,0.06407904624938965,0.10829353332519531
502,11,4,0.2,True,True,True,0.039397478103637695,0.011208772659301758
503,11,4,0.3,True,True,True,0.019140005111694336,0.0022249221801757812
504,11,4,0.4,True,True,True,0.004670381546020508,0.002532958984375
505,11,4,0.5,True,True,True,0.003929853439331055,0.0011570453643798828
506,11,4,0.6,True,True,True,0.001255035400390625,0.0014052391052246094
507,11,4,0.7,True,True,True,0.0012052059173583984,0.001447916030883789
508,11,4,0.8,True,True,True,0.001329183578491211,0.00157928466796875
509,11,4,0.9,True,True,True,0.0014307498931884766,0.0018267631530761719
510,11,5,0.0,False,False,True,0.10669493675231934,0.28512048721313477
511,11,5,0.1,False,False,True,0.0898904800415039,0.4023122787475586
512,11,5,0.2,True,True,True,0.06655287742614746,0.10452532768249512
513,11,5,0.3,True,True,True,0.06201171875,0.004378080368041992
514,11,5,0.4,True,True,True,0.0035440921783447266,0.008155584335327148
515,11,5,0.5,True,True,True,0.0021147727966308594,0.01241612434387207
516,11,5,0.6,True,True,True,0.002811431884765625,0.0072650909423828125
517,11,5,0.7,True,True,True,0.004942417144775391,0.013117790222167969
518,11,5,0.8,True,True,True,0.002067089080810547,0.0024428367614746094
519,11,5,0.9,True,True,True,0.001682281494140625,0.0039637088775634766
520,11,6,0.0,False,False,True,0.07973384857177734,0.7871506214141846
521,11,6,0.1,False,False,True,0.11041259765625,1.532041072845459
522,11,6,0.2,False,False,True,0.14704632759094238,1.9258079528808594
523,11,6,0.3,True,True,True,0.0689992904663086,0.05841231346130371
524,11,6,0.4,True,True,True,0.0038743019104003906,0.04560279846191406
525,11,6,0.5,True,True,True,0.0016279220581054688,0.012694597244262695
526,11,6,0.6,True,True,True,0.0015244483947753906,0.011175155639648438
527,11,6,0.7,True,True,True,0.0014584064483642578,0.020843505859375
528,11,6,0.8,True,True,True,0.0013871192932128906,0.006034374237060547
529,11,6,0.9,True,True,True,0.0014564990997314453,0.0061244964599609375
530,11,7,0.0,False,False,True,0.06195378303527832,2.4871022701263428
531,11,7,0.1,False,False,True,0.07299613952636719,4.667377471923828
532,11,7,0.2,False,False,True,0.08242464065551758,6.1631999015808105
533,11,7,0.3,True,True,True,0.7857010364532471,0.8107578754425049
534,11,7,0.4,True,True,True,0.004998207092285156,0.012756586074829102
535,11,7,0.5,True,True,True,0.0013325214385986328,0.13640093803405762
536,11,7,0.6,True,True,True,0.0014882087707519531,0.01286768913269043
537,11,7,0.7,True,True,True,0.0027794837951660156,0.014436006546020508
538,11,7,0.8,True,True,True,0.0017714500427246094,0.10222601890563965
539,11,7,0.9,True,True,True,0.0017693042755126953,0.8162860870361328
540,12,2,0.0,False,False,True,0.013808727264404297,0.008039236068725586
541,12,2,0.1,True,True,True,0.0044803619384765625,0.0007326602935791016
542,12,2,0.2,True,True,True,0.001786947250366211,0.0009911060333251953
543,12,2,0.3,True,True,True,0.0029458999633789062,0.0007119178771972656
544,12,2,0.4,True,True,True,0.0027077198028564453,0.0012307167053222656
545,12,2,0.5,True,True,True,0.0031554698944091797,0.001116037368774414
546,12,2,0.6,True,True,True,0.0016493797302246094,0.0009543895721435547
547,12,2,0.7,True,True,True,0.0018587112426757812,0.0011708736419677734
548,12,2,0.8,True,True,True,0.0018038749694824219,0.0009200572967529297
549,12,2,0.9,True,True,True,0.0022125244140625,0.001018524169921875
550,12,3,0.0,False,False,True,0.05941033363342285,0.047464609146118164
551,12,3,0.1,False,False,True,0.04138994216918945,0.04080653190612793
552,12,3,0.2,True,True,True,0.0012352466583251953,0.0006420612335205078
553,12,3,0.3,True,True,True,0.002852201461791992,0.0017676353454589844
554,12,3,0.4,True,True,True,0.0016634464263916016,0.0009279251098632812
555,12,3,0.5,True,True,True,0.002261638641357422,0.0012485980987548828
556,12,3,0.6,True,True,True,0.0009980201721191406,0.0010607242584228516
557,12,3,0.7,True,True,True,0.0012145042419433594,0.0011298656463623047
558,12,3,0.8,True,True,True,0.0009760856628417969,0.0013890266418457031
559,12,3,0.9,True,True,True,0.0011668205261230469,0.0014255046844482422
560,12,4,0.0,False,False,True,0.10288691520690918,0.09487223625183105
561,12,4,0.1,False,False,True,0.10554623603820801,0.1536264419555664
562,12,4,0.2,True,True,True,0.006997108459472656,0.0009548664093017578
563,12,4,0.3,True,True,True,0.0023648738861083984,0.0016772747039794922
564,12,4,0.4,True,True,True,0.002237081527709961,0.0018029212951660156
565,12,4,0.5,True,True,True,0.0016782283782958984,0.0011429786682128906
566,12,4,0.6,True,True,True,0.0015614032745361328,0.0021686553955078125
567,12,4,0.7,True,True,True,0.002035856246948242,0.0023729801177978516
568,12,4,0.8,True,True,True,0.0016047954559326172,0.0029914379119873047
569,12,4,0.9,True,True,True,0.0015451908111572266,0.0034265518188476562
570,12,5,0.0,False,False,True,0.14429926872253418,0.28595876693725586
571,12,5,0.1,False,False,True,0.2202131748199463,0.5571975708007812
572,12,5,0.2,True,True,True,0.017299413681030273,0.02360701560974121
573,12,5,0.3,True,True,True,0.0055391788482666016,0.023662805557250977
574,12,5,0.4,True,True,True,0.004362821578979492,0.0024538040161132812
575,12,5,0.5,True,True,True,0.004837751388549805,0.001512289047241211
576,12,5,0.6,True,True,True,0.002864360809326172,0.0038847923278808594
577,12,5,0.7,True,True,True,0.0014495849609375,0.004228115081787109
578,12,5,0.8,True,True,True,0.0015950202941894531,0.009404659271240234
579,12,5,0.9,True,True,True,0.002165079116821289,0.002919435501098633
580,12,6,0.0,False,False,True,0.1695423126220703,0.9084861278533936
581,12,6,0.1,False,False,True,0.19529294967651367,1.7077562808990479
582,12,6,0.2,False,False,True,0.2312018871307373,2.029108762741089
583,12,6,0.3,True,True,True,0.1448209285736084,0.04897713661193848
584,12,6,0.4,True,True,True,0.02826070785522461,0.005861759185791016
585,12,6,0.5,True,True,True,0.04585123062133789,0.004796028137207031
586,12,6,0.6,True,True,True,0.005417585372924805,0.037494659423828125
587,12,6,0.7,True,True,True,0.0015187263488769531,0.017917633056640625
588,12,6,0.8,True,True,True,0.0012464523315429688,0.02134537696838379
589,12,6,0.9,True,True,True,0.0012903213500976562,0.006308555603027344
590,12,7,0.0,False,False,True,0.14652013778686523,2.59765887260437
591,12,7,0.1,False,False,True,0.18128752708435059,6.212305068969727
592,12,7,0.2,False,False,True,0.19608426094055176,7.0001220703125
593,12,7,0.3,True,True,True,1.163581132888794,0.2284255027770996
594,12,7,0.4,True,True,True,1.3819687366485596,0.03867077827453613
595,12,7,0.5,True,True,True,0.08488035202026367,0.014568805694580078
596,12,7,0.6,True,True,True,0.08245301246643066,0.03885769844055176
597,12,7,0.7,True,True,True,0.002371072769165039,0.10729694366455078
598,12,7,0.8,True,True,True,0.0020799636840820312,0.16163396835327148
599,12,7,0.9,True,True,True,0.0016787052154541016,0.6152963638305664
600,13,2,0.0,False,False,True,0.02401447296142578,0.009502172470092773
601,13,2,0.1,True,True,True,0.008260488510131836,0.0010378360748291016
602,13,2,0.2,True,True,True,0.0030374526977539062,0.0011680126190185547
603,13,2,0.3,True,True,True,0.004075050354003906,0.0011670589447021484
604,13,2,0.4,True,True,True,0.0028018951416015625,0.0014595985412597656
605,13,2,0.5,True,True,True,0.003721952438354492,0.0011069774627685547
606,13,2,0.6,True,True,True,0.0032329559326171875,0.0019969940185546875
607,13,2,0.7,True,True,True,0.0022454261779785156,0.0013360977172851562
608,13,2,0.8,True,True,True,0.0021445751190185547,0.0013737678527832031
609,13,2,0.9,True,True,True,0.002547740936279297,0.0016481876373291016
610,13,3,0.0,False,False,True,0.06444501876831055,0.03673815727233887
611,13,3,0.1,True,True,True,0.029897451400756836,0.001851797103881836
612,13,3,0.2,True,True,True,0.023522377014160156,0.0018019676208496094
613,13,3,0.3,True,True,True,0.010477304458618164,0.0013904571533203125
614,13,3,0.4,True,True,True,0.003284931182861328,0.001764535903930664
615,13,3,0.5,True,True,True,0.004221200942993164,0.0013730525970458984
616,13,3,0.6,True,True,True,0.0019888877868652344,0.0008864402770996094
617,13,3,0.7,True,True,True,0.001913309097290039,0.0020470619201660156
618,13,3,0.8,True,True,True,0.0012977123260498047,0.0015780925750732422
619,13,3,0.9,True,True,True,0.0017292499542236328,0.002314329147338867
620,13,4,0.0,False,False,True,0.13787579536437988,0.1164405345916748
621,13,4,0.1,True,True,True,0.05487942695617676,0.036820411682128906
622,13,4,0.2,True,True,True,0.07702422142028809,0.0012259483337402344
623,13,4,0.3,True,True,True,0.03738737106323242,0.0017273426055908203
624,13,4,0.4,True,True,True,0.005269050598144531,0.006055593490600586
625,13,4,0.5,True,True,True,0.005828142166137695,0.002841472625732422
626,13,4,0.6,True,True,True,0.0033121109008789062,0.0038526058197021484
627,13,4,0.7,True,True,True,0.0022749900817871094,0.0018835067749023438
628,13,4,0.8,True,True,True,0.0018105506896972656,0.003009796142578125
629,13,4,0.9,True,True,True,0.0018055438995361328,0.0030024051666259766
630,13,5,0.0,False,False,True,0.31493663787841797,0.4050331115722656
631,13,5,0.1,False,False,True,0.26807379722595215,0.462998628616333
632,13,5,0.2,False,False,True,0.27405810356140137,0.5570790767669678
633,13,5,0.3,True,True,True,0.06673288345336914,0.01106405258178711
634,13,5,0.4,True,True,True,0.01824808120727539,0.0022835731506347656
635,13,5,0.5,True,True,True,0.0018422603607177734,0.0024182796478271484
636,13,5,0.6,True,True,True,0.0027740001678466797,0.0026488304138183594
637,13,5,0.7,True,True,True,0.0009388923645019531,0.004452228546142578
638,13,5,0.8,True,True,True,0.0009639263153076172,0.0047032833099365234
639,13,5,0.9,True,True,True,0.0014407634735107422,0.0064165592193603516
640,13,6,0.0,False,False,True,0.34871912002563477,0.9981446266174316
641,13,6,0.1,False,False,True,0.3833754062652588,1.5981817245483398
642,13,6,0.2,False,False,True,0.4106011390686035,2.047677993774414
643,13,6,0.3,True,True,True,0.05516505241394043,0.009680986404418945
644,13,6,0.4,True,True,True,0.03721451759338379,0.02105259895324707
645,13,6,0.5,True,True,True,0.038405656814575195,0.01694774627685547
646,13,6,0.6,True,True,True,0.0016260147094726562,0.01505279541015625
647,13,6,0.7,True,True,True,0.0015664100646972656,0.01764059066772461
648,13,6,0.8,True,True,True,0.002610445022583008,0.021714448928833008
649,13,6,0.9,True,True,True,0.0018372535705566406,0.012376070022583008
650,13,7,0.0,False,False,True,0.31058692932128906,2.8808417320251465
651,13,7,0.1,False,False,True,0.41478610038757324,5.073202133178711
652,13,7,0.2,False,False,True,0.4847602844238281,6.749536991119385
653,13,7,0.3,True,True,True,0.7535281181335449,0.17801928520202637
654,13,7,0.4,True,True,True,1.4442458152770996,0.02158212661743164
655,13,7,0.5,True,True,True,0.24119830131530762,0.014868974685668945
656,13,7,0.6,True,True,True,0.0032682418823242188,0.03135323524475098
657,13,7,0.7,True,True,True,0.0017590522766113281,0.2583944797515869
658,13,7,0.8,True,True,True,0.0023484230041503906,0.09074044227600098
659,13,7,0.9,True,True,True,0.0015406608581542969,0.2504727840423584
660,14,2,0.0,False,False,True,0.0185849666595459,0.010340452194213867
661,14,2,0.1,True,True,True,0.003841400146484375,0.0007913112640380859
662,14,2,0.2,True,True,True,0.0036156177520751953,0.0012295246124267578
663,14,2,0.3,True,True,True,0.0031423568725585938,0.0011188983917236328
664,14,2,0.4,True,True,True,0.0018768310546875,0.0010213851928710938
665,14,2,0.5,True,True,True,0.002552032470703125,0.0009849071502685547
666,14,2,0.6,True,True,True,0.001733541488647461,0.0010290145874023438
667,14,2,0.7,True,True,True,0.0018239021301269531,0.0009679794311523438
668,14,2,0.8,True,True,True,0.0016334056854248047,0.0010266304016113281
669,14,2,0.9,True,True,True,0.0017483234405517578,0.0010366439819335938
670,14,3,0.0,False,False,True,0.07116079330444336,0.046779632568359375
671,14,3,0.1,True,True,True,0.027166128158569336,0.007004976272583008
672,14,3,0.2,True,True,True,0.024525165557861328,0.0010995864868164062
673,14,3,0.3,True,True,True,0.008307933807373047,0.0011551380157470703
674,14,3,0.4,True,True,True,0.0014319419860839844,0.0017325878143310547
675,14,3,0.5,True,True,True,0.002087831497192383,0.0007941722869873047
676,14,3,0.6,True,True,True,0.001971721649169922,0.0019609928131103516
677,14,3,0.7,True,True,True,0.00160980224609375,0.000993490219116211
678,14,3,0.8,True,True,True,0.0016324520111083984,0.0009791851043701172
679,14,3,0.9,True,True,True,0.001191854476928711,0.0010581016540527344
680,14,4,0.0,False,False,True,0.1640927791595459,0.11134457588195801
681,14,4,0.1,True,True,True,0.1235809326171875,0.0168914794921875
682,14,4,0.2,True,True,True,0.06808948516845703,0.0255582332611084
683,14,4,0.3,True,True,True,0.01950812339782715,0.000919342041015625
684,14,4,0.4,True,True,True,0.004979372024536133,0.0019719600677490234
685,14,4,0.5,True,True,True,0.0037469863891601562,0.0014033317565917969
686,14,4,0.6,True,True,True,0.0013813972473144531,0.0025634765625
687,14,4,0.7,True,True,True,0.0016393661499023438,0.0033364295959472656
688,14,4,0.8,True,True,True,0.001108407974243164,0.0018210411071777344
689,14,4,0.9,True,True,True,0.0016961097717285156,0.006672382354736328
690,14,5,0.0,False,False,True,0.3308069705963135,0.29746031761169434
691,14,5,0.1,False,False,True,0.3966348171234131,0.5783038139343262
692,14,5,0.2,True,True,True,0.16420197486877441,0.004614591598510742
693,14,5,0.3,True,True,True,0.06572747230529785,0.013134241104125977
694,14,5,0.4,True,True,True,0.0042040348052978516,0.0025315284729003906
695,14,5,0.5,True,True,True,0.003976583480834961,0.003511667251586914
696,14,5,0.6,True,True,True,0.0012624263763427734,0.0035393238067626953
697,14,5,0.7,True,True,True,0.001293182373046875,0.0018498897552490234
698,14,5,0.8,True,True,True,0.0018641948699951172,0.0026209354400634766
699,14,5,0.9,True,True,True,0.0014910697937011719,0.024288177490234375
700,14,6,0.0,False,False,True,0.5492551326751709,1.055786371231079
701,14,6,0.1,False,False,True,0.6692321300506592,2.0403084754943848
702,14,6,0.2,True,True,True,0.348785400390625,0.09343767166137695
703,14,6,0.3,True,True,True,0.06237077713012695,0.011732101440429688
704,14,6,0.4,True,True,True,0.03986477851867676,0.0034134387969970703
705,14,6,0.5,True,True,True,0.026561975479125977,0.002761363983154297
706,14,6,0.6,True,True,True,0.0012538433074951172,0.018791675567626953
707,14,6,0.7,True,True,True,0.0011854171752929688,0.06651902198791504
708,14,6,0.8,True,True,True,0.0020499229431152344,0.11548328399658203
709,14,6,0.9,True,True,True,0.0022509098052978516,0.028855562210083008
710,14,7,0.0,False,False,True,0.5987441539764404,3.1730213165283203
711,14,7,0.1,False,False,True,0.771273136138916,6.865991830825806
712,14,7,0.2,False,False,True,4.38794732093811,9.267969608306885
713,14,7,0.3,True,True,True,1.5528454780578613,0.03918766975402832
714,14,7,0.4,True,True,True,2.3316538333892822,0.005030632019042969
715,14,7,0.5,True,True,True,0.9988913536071777,0.02207350730895996
716,14,7,0.6,True,True,True,0.0014150142669677734,0.03139448165893555
717,14,7,0.7,True,True,True,0.001529693603515625,0.15455102920532227
718,14,7,0.8,True,True,True,0.0014851093292236328,0.0657663345336914
719,14,7,0.9,True,True,True,0.001712799072265625,0.017536401748657227
